{
  "id": "5bc7fbc7-f443-4d34-92fa-964c677b0aaa",
  "generation": 0,
  "iteration": 0,
  "current_iteration": 150,
  "metrics": {
    "combined_score": 1.060046807093664,
    "reliability": 0.9669421487603306,
    "cum_cpu_time": 4.137205
  },
  "language": "unknown",
  "timestamp": 1784054422.4802818,
  "saved_at": 1784054523.2502763
}