{"island_feature_maps": [{"6-6": "5bc7fbc7-f443-4d34-92fa-964c677b0aaa"}, {}, {}], "islands": [["5bc7fbc7-f443-4d34-92fa-964c677b0aaa"], [], []], "archive": ["5bc7fbc7-f443-4d34-92fa-964c677b0aaa"], "best_program_id": "5bc7fbc7-f443-4d34-92fa-964c677b0aaa", "island_best_programs": ["5bc7fbc7-f443-4d34-92fa-964c677b0aaa", null, null], "last_iteration": 150, "current_island": 0, "island_generations": [0, 0, 0], "last_migration_generation": 0, "feature_stats": {"reliability": {"min": 0.9669421487603306, "max": 0.9669421487603306, "values": [0.9669421487603306]}, "cum_cpu_time": {"min": 4.137205, "max": 4.137205, "values": [4.137205]}}}