{"island_feature_maps": [{"6-6": "ab8659bf-75c8-4280-a5b2-47c527d6e897"}, {}, {}], "islands": [["ab8659bf-75c8-4280-a5b2-47c527d6e897"], [], []], "archive": ["ab8659bf-75c8-4280-a5b2-47c527d6e897"], "best_program_id": "ab8659bf-75c8-4280-a5b2-47c527d6e897", "island_best_programs": ["ab8659bf-75c8-4280-a5b2-47c527d6e897", null, null], "last_iteration": 150, "current_island": 0, "island_generations": [0, 0, 0], "last_migration_generation": 0, "feature_stats": {"reliability": {"min": 0.9669421487603306, "max": 0.9669421487603306, "values": [0.9669421487603306]}, "cum_cpu_time": {"min": 4.137205, "max": 4.137205, "values": [4.137205]}}}