{
  "id": "ab8659bf-75c8-4280-a5b2-47c527d6e897",
  "generation": 0,
  "iteration": 0,
  "timestamp": 1784047235.4501617,
  "parent_id": null,
  "metrics": {
    "combined_score": 1.060046807093664,
    "reliability": 0.9669421487603306,
    "cum_cpu_time": 4.137205
  },
  "language": "unknown",
  "saved_at": 1784047334.0175579
}