{
  "id": "590fcd21-9e31-4520-a0e0-b8d7e8ea10a9",
  "generation": 0,
  "iteration": 0,
  "timestamp": 1784055022.3726137,
  "parent_id": null,
  "metrics": {
    "combined_score": 1.060046807093664,
    "reliability": 0.9669421487603306,
    "cum_cpu_time": 4.137205
  },
  "language": "unknown",
  "saved_at": 1784055305.302418
}